{"_id":1,"neigh_name ":"el Raval","district_id":1,"district_name":"Ciutat Vella","info":[{"year":2013, "Amount":97.0, "usedAmount":97.0, "PerMeter":1726.5, "usedPerMeter":1726.5}, {"year":2014, "Amount":141.7, "diffAmount":99.1, "usedAmount":143.1, "PerMeter":2087.6, "diffPerMeter":2534.3, "usedPerMeter":2073.5}, {"year":2015, "Amount":193.8, "usedAmount":193.8, "PerMeter":2401.9, "usedPerMeter":2401.9}, {"year":2016, "Amount":181.0, "usedAmount":180.7, "PerMeter":2805.2, "usedPerMeter":2798.6}, {"year":2017, "Amount":240.3, "diffAmount":292.5, "usedAmount":240.0, "PerMeter":3469.9, "diffPerMeter":3633.1, "usedPerMeter":3468.9}]}
{"_id":2,"neigh_name ":"el Barri Gòtic","district_id":1,"district_name":"Ciutat Vella","info":[{"year":2013, "Amount":212.4, "diffAmount":285.2, "usedAmount":193.4, "PerMeter":2448.2, "diffPerMeter":3248.7, "usedPerMeter":2239.7}, {"year":2014, "Amount":277.7, "diffAmount":240.3, "usedAmount":285.0, "PerMeter":2784.9, "diffPerMeter":3063.2, "usedPerMeter":2730.3}, {"year":2015, "Amount":386.3, "diffAmount":355.7, "usedAmount":393.8, "PerMeter":3193.4, "diffPerMeter":2331.6, "usedPerMeter":3404.2}, {"year":2016, "Amount":422.8, "diffAmount":409.2, "usedAmount":430.0, "PerMeter":4149.4, "diffPerMeter":4700.7, "usedPerMeter":3862.5}, {"year":2017, "Amount":472.7, "diffAmount":799.5, "usedAmount":424.0, "PerMeter":4565.8, "diffPerMeter":5397.4, "usedPerMeter":4441.9}]}
{"_id":3,"neigh_name ":"la Barceloneta","district_id":1,"district_name":"Ciutat Vella","info":[{"year":2013, "Amount":175.5, "diffAmount":228.7, "usedAmount":119.7, "PerMeter":3476.3, "diffPerMeter":4062.8, "usedPerMeter":2861.3}, {"year":2014, "Amount":166.0, "diffAmount":216.9, "usedAmount":142.6, "PerMeter":3744.9, "diffPerMeter":4292.5, "usedPerMeter":3493.3}, {"year":2015, "Amount":150.3, "diffAmount":148.0, "usedAmount":150.8, "PerMeter":3474.4, "diffPerMeter":3587.0, "usedPerMeter":3449.7}, {"year":2016, "Amount":212.2, "diffAmount":409.5, "usedAmount":186.4, "PerMeter":4151.9, "diffPerMeter":4477.2, "usedPerMeter":4109.5}, {"year":2017, "Amount":197.7, "diffAmount":192.8, "usedAmount":198.2, "PerMeter":4501.1, "diffPerMeter":3967.5, "usedPerMeter":4551.3}]}
{"_id":4,"neigh_name ":"Sant Pere, Santa Caterina i la Ribera","district_id":1,"district_name":"Ciutat Vella","info":[{"year":2013, "Amount":190.4, "diffAmount":224.5, "usedAmount":180.9, "PerMeter":2846.5, "diffPerMeter":3404.9, "usedPerMeter":2691.4}, {"year":2014, "Amount":193.2, "diffAmount":198.9, "usedAmount":192.5, "PerMeter":2666.6, "diffPerMeter":3177.1, "usedPerMeter":2601.9}, {"year":2015, "Amount":248.7, "diffAmount":349.6, "usedAmount":239.6, "PerMeter":3479.4, "diffPerMeter":5059.0, "usedPerMeter":3335.8}, {"year":2016, "Amount":293.1, "diffAmount":473.7, "usedAmount":284.0, "PerMeter":3646.5, "diffPerMeter":4753.5, "usedPerMeter":3590.4}, {"year":2017, "Amount":314.3, "diffAmount":375.8, "usedAmount":310.4, "PerMeter":4593.7, "diffPerMeter":5973.2, "usedPerMeter":4506.9}]}
{"_id":5,"neigh_name ":"el Fort Pienc","district_id":2,"district_name":"Eixample","info":[{"year":2013, "Amount":268.3, "diffAmount":376.5, "usedAmount":257.1, "PerMeter":2842.9, "diffPerMeter":4384.2, "usedPerMeter":2683.5}, {"year":2014, "Amount":320.0, "diffAmount":431.6, "usedAmount":295.9, "PerMeter":3401.0, "diffPerMeter":5501.6, "usedPerMeter":2947.5}, {"year":2015, "Amount":351.2, "diffAmount":464.6, "usedAmount":327.0, "PerMeter":3602.0, "diffPerMeter":5621.3, "usedPerMeter":3170.3}, {"year":2016, "Amount":356.1, "diffAmount":611.3, "usedAmount":326.8, "PerMeter":3762.4, "diffPerMeter":6724.9, "usedPerMeter":3421.7}, {"year":2017, "Amount":400.4, "diffAmount":507.5, "usedAmount":383.2, "PerMeter":4296.6, "diffPerMeter":4787.3, "usedPerMeter":4217.6}]}
{"_id":6,"neigh_name ":"la Sagrada Família","district_id":2,"district_name":"Eixample","info":[{"year":2013, "Amount":192.4, "diffAmount":208.0, "usedAmount":189.8, "PerMeter":2938.7, "diffPerMeter":3466.7, "usedPerMeter":2850.7}, {"year":2014, "Amount":145.3, "diffAmount":203.3, "usedAmount":141.8, "PerMeter":2502.0, "diffPerMeter":3388.9, "usedPerMeter":2448.7}, {"year":2015, "Amount":211.7, "usedAmount":211.7, "PerMeter":2983.9, "usedPerMeter":2983.9}, {"year":2016, "Amount":205.9, "usedAmount":205.9, "PerMeter":2785.8, "usedPerMeter":2785.8}, {"year":2017, "Amount":255.8, "usedAmount":255.8, "PerMeter":3494.5, "usedPerMeter":3494.5}]}
{"_id":7,"neigh_name ":"la Dreta de l'Eixample","district_id":2,"district_name":"Eixample","info":[{"year":2013, "Amount":306.9, "diffAmount":214.6, "usedAmount":318.5, "PerMeter":2798.2, "diffPerMeter":2195.1, "usedPerMeter":2874.2}, {"year":2014, "Amount":385.4, "diffAmount":225.1, "usedAmount":401.2, "PerMeter":3161.7, "diffPerMeter":2491.6, "usedPerMeter":3227.7}, {"year":2015, "Amount":388.0, "diffAmount":179.5, "usedAmount":415.4, "PerMeter":3311.0, "diffPerMeter":2143.1, "usedPerMeter":3464.3}, {"year":2016, "Amount":398.4, "diffAmount":255.0, "usedAmount":412.3, "PerMeter":3511.3, "diffPerMeter":2844.6, "usedPerMeter":3576.3}, {"year":2017, "Amount":519.8, "diffAmount":257.7, "usedAmount":535.3, "PerMeter":4628.0, "diffPerMeter":2878.1, "usedPerMeter":4731.0}]}
{"_id":8,"neigh_name ":"l'Antiga Esquerra de l'Eixample","district_id":2,"district_name":"Eixample","info":[{"year":2013, "Amount":239.2, "diffAmount":275.9, "usedAmount":237.3, "PerMeter":2760.2, "diffPerMeter":4825.0, "usedPerMeter":2655.5}, {"year":2014, "Amount":284.1, "diffAmount":290.0, "usedAmount":284.1, "PerMeter":3099.3, "diffPerMeter":5190.5, "usedPerMeter":3068.0}, {"year":2015, "Amount":334.0, "diffAmount":299.5, "usedAmount":337.2, "PerMeter":3757.2, "diffPerMeter":4729.4, "usedPerMeter":3665.5}, {"year":2016, "Amount":374.3, "diffAmount":316.7, "usedAmount":381.9, "PerMeter":3923.1, "diffPerMeter":4186.0, "usedPerMeter":3888.6}, {"year":2017, "Amount":372.2, "diffAmount":478.7, "usedAmount":363.4, "PerMeter":4218.9, "diffPerMeter":4704.4, "usedPerMeter":4178.8}]}
{"_id":9,"neigh_name ":"la Nova Esquerra de l'Eixample","district_id":2,"district_name":"Eixample","info":[{"year":2013, "Amount":301.6, "diffAmount":432.3, "usedAmount":213.8, "PerMeter":3648.2, "diffPerMeter":5174.1, "usedPerMeter":2624.0}, {"year":2014, "Amount":257.0, "diffAmount":217.4, "usedAmount":262.7, "PerMeter":3217.8, "diffPerMeter":2377.0, "usedPerMeter":3337.9}, {"year":2015, "Amount":265.5, "diffAmount":560.5, "usedAmount":225.8, "PerMeter":3070.9, "diffPerMeter":6084.2, "usedPerMeter":2666.2}, {"year":2016, "Amount":266.4, "diffAmount":459.7, "usedAmount":259.1, "PerMeter":3282.6, "diffPerMeter":5006.7, "usedPerMeter":3217.6}, {"year":2017, "Amount":339.6, "diffAmount":431.9, "usedAmount":310.2, "PerMeter":4519.0, "diffPerMeter":6053.1, "usedPerMeter":4030.3}]}
{"_id":10,"neigh_name ":"Sant Antoni","district_id":2,"district_name":"Eixample","info":[{"year":2013, "Amount":177.5, "usedAmount":177.5, "PerMeter":2024.9, "usedPerMeter":2024.9}, {"year":2014, "Amount":213.3, "usedAmount":213.3, "PerMeter":2769.7, "usedPerMeter":2769.7}, {"year":2015, "Amount":235.5, "usedAmount":236.8, "PerMeter":3049.2, "diffPerMeter":2545.3, "usedPerMeter":3063.0}, {"year":2016, "Amount":264.2, "usedAmount":264.2, "PerMeter":3024.7, "usedPerMeter":3024.7}, {"year":2017, "Amount":297.9, "usedAmount":297.9, "PerMeter":3322.7, "usedPerMeter":3322.7}]}
{"_id":11,"neigh_name ":"el Poble Sec","district_id":3,"district_name":"Sants-Montjuïc","info":[{"year":2013, "Amount":93.7, "usedAmount":93.7, "PerMeter":1582.1, "usedPerMeter":1582.1}, {"year":2014, "Amount":95.0, "usedAmount":95.0, "PerMeter":1607.2, "usedPerMeter":1607.2}, {"year":2015, "Amount":143.0, "usedAmount":143.0, "PerMeter":2246.9, "usedPerMeter":2246.9}, {"year":2016, "Amount":155.2, "usedAmount":155.7, "PerMeter":2524.0, "usedPerMeter":2528.3}, {"year":2017, "Amount":260.5, "diffAmount":307.0, "usedAmount":258.0, "PerMeter":3554.6, "diffPerMeter":4105.7, "usedPerMeter":3524.8}]}
{"_id":12,"neigh_name ":"la Marina de Port","district_id":3,"district_name":"Sants-Montjuïc","info":[{"year":2013, "Amount":166.2, "usedAmount":166.2, "PerMeter":2405.2, "usedPerMeter":2405.2}, {"year":2014, "Amount":126.3, "usedAmount":126.3, "PerMeter":1876.8, "usedPerMeter":1876.8}, {"year":2015, "Amount":139.2, "usedAmount":139.2, "PerMeter":2124.1, "usedPerMeter":2124.1}, {"year":2016, "Amount":151.1, "usedAmount":151.1, "PerMeter":2098.2, "usedPerMeter":2098.2}, {"year":2017, "Amount":166.3, "usedAmount":166.3, "PerMeter":2497.0, "usedPerMeter":2497.0}]}
{"_id":13,"neigh_name ":"la Font de la Guatlla","district_id":3,"district_name":"Sants-Montjuïc","info":[{"year":2013, "Amount":179.3, "diffAmount":265.6, "usedAmount":170.7, "PerMeter":2543.5, "diffPerMeter":3266.0, "usedPerMeter":2471.2}, {"year":2014, "Amount":158.6, "usedAmount":158.6, "PerMeter":2188.7, "usedPerMeter":2188.7}, {"year":2015, "Amount":174.5, "usedAmount":174.5, "PerMeter":2685.3, "usedPerMeter":2685.3}, {"year":2016, "Amount":173.8, "usedAmount":173.8, "PerMeter":2398.5, "usedPerMeter":2398.5}, {"year":2017, "Amount":235.1, "usedAmount":235.1, "PerMeter":3056.9, "usedPerMeter":3056.9}]}
{"_id":14,"neigh_name ":"Hostafrancs","district_id":3,"district_name":"Sants-Montjuïc","info":[{"year":2013, "Amount":177.8, "diffAmount":280.0, "usedAmount":171.4, "PerMeter":1834.2, "diffPerMeter":2569.3, "usedPerMeter":1788.3}, {"year":2014, "Amount":142.6, "usedAmount":142.6, "PerMeter":2174.8, "usedPerMeter":2174.8}, {"year":2015, "Amount":169.5, "diffAmount":111.3, "usedAmount":172.8, "PerMeter":2479.1, "diffPerMeter":2029.6, "usedPerMeter":2505.2}, {"year":2016, "Amount":199.1, "diffAmount":119.7, "usedAmount":201.7, "PerMeter":2474.0, "diffPerMeter":2356.2, "usedPerMeter":2477.9}, {"year":2017, "Amount":263.3, "usedAmount":263.0, "PerMeter":3276.3, "usedPerMeter":3270.9}]}
{"_id":15,"neigh_name ":"la Bordeta","district_id":3,"district_name":"Sants-Montjuïc","info":[{"year":2013, "Amount":102.4, "diffAmount":107.4, "usedAmount":100.8, "PerMeter":1960.8, "diffPerMeter":1524.6, "usedPerMeter":2097.2}, {"year":2014, "Amount":132.3, "diffAmount":124.5, "usedAmount":136.6, "PerMeter":1678.6, "diffPerMeter":1589.3, "usedPerMeter":1727.3}, {"year":2015, "Amount":191.9, "diffAmount":219.7, "usedAmount":120.0, "PerMeter":2577.0, "diffPerMeter":2732.7, "usedPerMeter":2174.7}, {"year":2016, "Amount":155.9, "diffAmount":213.7, "usedAmount":149.5, "PerMeter":2297.8, "diffPerMeter":2691.9, "usedPerMeter":2254.0}, {"year":2017, "Amount":288.1, "diffAmount":300.4, "usedAmount":222.9, "PerMeter":3803.9, "diffPerMeter":3962.8, "usedPerMeter":2958.9}]}
{"_id":16,"neigh_name ":"Sants - Badal","district_id":3,"district_name":"Sants-Montjuïc","info":[{"year":2013, "Amount":190.8, "diffAmount":240.7, "usedAmount":91.0, "PerMeter":3186.4, "diffPerMeter":3982.7, "usedPerMeter":1593.7}, {"year":2014, "Amount":255.9, "diffAmount":387.2, "usedAmount":124.6, "PerMeter":3282.9, "diffPerMeter":4785.8, "usedPerMeter":1780.0}, {"year":2015, "Amount":115.9, "diffAmount":119.9, "usedAmount":112.2, "PerMeter":1984.2, "diffPerMeter":2095.7, "usedPerMeter":1879.8}, {"year":2016, "Amount":181.3, "diffAmount":301.6, "usedAmount":149.6, "PerMeter":2571.6, "diffPerMeter":3677.5, "usedPerMeter":2280.6}, {"year":2017, "Amount":251.5, "diffAmount":323.5, "usedAmount":245.3, "PerMeter":2911.1, "diffPerMeter":4425.1, "usedPerMeter":2782.2}]}
{"_id":17,"neigh_name ":"Sants","district_id":3,"district_name":"Sants-Montjuïc","info":[{"year":2013, "Amount":154.5, "diffAmount":146.6, "usedAmount":156.5, "PerMeter":2270.1, "diffPerMeter":2868.5, "usedPerMeter":2111.7}, {"year":2014, "Amount":151.2, "diffAmount":149.6, "usedAmount":151.3, "PerMeter":2185.6, "diffPerMeter":2268.0, "usedPerMeter":2177.0}, {"year":2015, "Amount":166.6, "usedAmount":170.6, "PerMeter":2391.8, "usedPerMeter":2443.0}, {"year":2016, "Amount":222.8, "diffAmount":227.2, "usedAmount":222.5, "PerMeter":2984.8, "diffPerMeter":2886.8, "usedPerMeter":2992.9}, {"year":2017, "Amount":338.3, "diffAmount":230.0, "usedAmount":344.4, "PerMeter":4683.4, "diffPerMeter":3635.4, "usedPerMeter":4743.0}]}
{"_id":18,"neigh_name ":"les Corts","district_id":4,"district_name":"Les Corts","info":[{"year":2013, "Amount":252.5, "diffAmount":224.1, "usedAmount":255.6, "PerMeter":2923.6, "diffPerMeter":3116.8, "usedPerMeter":2902.7}, {"year":2014, "Amount":245.9, "diffAmount":298.6, "usedAmount":243.7, "PerMeter":2910.9, "diffPerMeter":3117.9, "usedPerMeter":2902.0}, {"year":2015, "Amount":281.7, "diffAmount":466.3, "usedAmount":261.0, "PerMeter":3299.7, "diffPerMeter":5474.9, "usedPerMeter":3056.2}, {"year":2016, "Amount":271.4, "diffAmount":495.0, "usedAmount":263.3, "PerMeter":3535.3, "diffPerMeter":5484.0, "usedPerMeter":3464.3}, {"year":2017, "Amount":417.3, "diffAmount":669.8, "usedAmount":357.2, "PerMeter":4737.6, "diffPerMeter":7252.9, "usedPerMeter":4138.7}]}
{"_id":19,"neigh_name ":"la Maternitat i Sant Ramon","district_id":4,"district_name":"Les Corts","info":[{"year":2013, "Amount":266.7, "usedAmount":266.7, "PerMeter":2890.5, "usedPerMeter":2890.5}, {"year":2014, "Amount":285.7, "diffAmount":296.3, "usedAmount":284.2, "PerMeter":3155.6, "diffPerMeter":3920.3, "usedPerMeter":3048.7}, {"year":2015, "Amount":302.6, "diffAmount":325.8, "usedAmount":296.7, "PerMeter":3217.0, "diffPerMeter":3928.3, "usedPerMeter":3036.0}, {"year":2016, "Amount":329.9, "diffAmount":380.5, "usedAmount":323.5, "PerMeter":3435.3, "diffPerMeter":4064.1, "usedPerMeter":3355.6}, {"year":2017, "Amount":369.9, "usedAmount":374.0, "PerMeter":4018.5, "usedPerMeter":3995.1}]}
{"_id":20,"neigh_name ":"Pedralbes","district_id":4,"district_name":"Les Corts","info":[{"year":2013, "Amount":733.9, "diffAmount":1642.0, "usedAmount":667.8, "PerMeter":4406.9, "diffPerMeter":6834.3, "usedPerMeter":4230.4}, {"year":2014, "Amount":831.9, "usedAmount":818.0, "PerMeter":5183.6, "usedPerMeter":5133.9}, {"year":2015, "Amount":793.5, "diffAmount":1421.0, "usedAmount":750.0, "PerMeter":5191.6, "diffPerMeter":7786.2, "usedPerMeter":5011.5}, {"year":2016, "Amount":659.7, "usedAmount":650.3, "PerMeter":4480.0, "usedPerMeter":4454.8}, {"year":2017, "Amount":890.0, "usedAmount":890.0, "PerMeter":5290.3, "usedPerMeter":5290.3}]}
{"_id":21,"neigh_name ":"Vallvidrera, el Tibidabo i les Planes","district_id":5,"district_name":"Sarrià-Sant Gervasi","info":[{"year":2013, "Amount":524.6, "usedAmount":524.6, "PerMeter":3540.2, "usedPerMeter":3540.2}, {"year":2014, "Amount":468.3, "usedAmount":468.3, "PerMeter":3823.7, "usedPerMeter":3823.7}, {"year":2015, "Amount":309.5, "usedAmount":309.5, "PerMeter":2070.6, "usedPerMeter":2070.6}, {"year":2016, "Amount":438.0, "usedAmount":438.0, "PerMeter":2989.0, "usedPerMeter":2989.0}, {"year":2017, "Amount":391.3, "usedAmount":391.3, "PerMeter":2887.9, "usedPerMeter":2887.9}]}
{"_id":22,"neigh_name ":"Sarrià","district_id":5,"district_name":"Sarrià-Sant Gervasi","info":[{"year":2013, "Amount":542.6, "diffAmount":493.9, "usedAmount":546.7, "PerMeter":4311.6, "diffPerMeter":2890.1, "usedPerMeter":4431.3}, {"year":2014, "Amount":526.6, "usedAmount":526.6, "PerMeter":4309.4, "usedPerMeter":4309.4}, {"year":2015, "Amount":607.7, "diffAmount":419.6, "usedAmount":614.5, "PerMeter":4817.6, "diffPerMeter":3790.2, "usedPerMeter":4854.6}, {"year":2016, "Amount":512.8, "usedAmount":512.8, "PerMeter":4514.9, "usedPerMeter":4514.9}, {"year":2017, "Amount":690.1, "usedAmount":690.2, "PerMeter":6159.2, "usedPerMeter":6177.7}]}
{"_id":23,"neigh_name ":"les Tres Torres","district_id":5,"district_name":"Sarrià-Sant Gervasi","info":[{"year":2013, "Amount":648.5, "diffAmount":430.7, "usedAmount":692.1, "PerMeter":4293.9, "diffPerMeter":3175.6, "usedPerMeter":4517.5}, {"year":2014, "Amount":570.7, "diffAmount":495.3, "usedAmount":573.3, "PerMeter":4127.2, "diffPerMeter":3012.6, "usedPerMeter":4166.6}, {"year":2015, "Amount":651.2, "diffAmount":832.9, "usedAmount":647.2, "PerMeter":4591.9, "diffPerMeter":3856.5, "usedPerMeter":4608.1}, {"year":2016, "Amount":680.4, "diffAmount":520.9, "usedAmount":698.9, "PerMeter":4729.1, "diffPerMeter":4874.8, "usedPerMeter":4712.2}, {"year":2017, "Amount":805.7, "diffAmount":634.8, "usedAmount":816.1, "PerMeter":5649.1, "diffPerMeter":5001.9, "usedPerMeter":5688.5}]}
{"_id":24,"neigh_name ":"Sant Gervasi - la Bonanova","district_id":5,"district_name":"Sarrià-Sant Gervasi","info":[{"year":2013, "Amount":462.0, "diffAmount":429.5, "usedAmount":483.4, "PerMeter":3550.4, "diffPerMeter":3576.6, "usedPerMeter":3533.1}, {"year":2014, "Amount":528.7, "diffAmount":650.9, "usedAmount":477.6, "PerMeter":3714.6, "diffPerMeter":4433.3, "usedPerMeter":3414.2}, {"year":2015, "Amount":513.6, "diffAmount":483.6, "usedAmount":521.9, "PerMeter":3860.1, "diffPerMeter":3657.4, "usedPerMeter":3916.1}, {"year":2016, "Amount":643.3, "diffAmount":730.2, "usedAmount":623.0, "PerMeter":4977.6, "diffPerMeter":5755.1, "usedPerMeter":4795.9}, {"year":2017, "Amount":612.3, "diffAmount":474.7, "usedAmount":632.9, "PerMeter":5003.2, "diffPerMeter":4481.2, "usedPerMeter":5081.1}]}
{"_id":25,"neigh_name ":"Sant Gervasi - Galvany","district_id":5,"district_name":"Sarrià-Sant Gervasi","info":[{"year":2013, "Amount":498.2, "diffAmount":414.6, "usedAmount":534.6, "PerMeter":3471.3, "diffPerMeter":3109.1, "usedPerMeter":3628.5}, {"year":2014, "Amount":467.0, "diffAmount":546.3, "usedAmount":435.1, "PerMeter":3518.1, "diffPerMeter":4111.0, "usedPerMeter":3279.3}, {"year":2015, "Amount":551.0, "diffAmount":493.3, "usedAmount":570.7, "PerMeter":4176.3, "diffPerMeter":4506.9, "usedPerMeter":4063.3}, {"year":2016, "Amount":582.0, "diffAmount":638.9, "usedAmount":568.0, "PerMeter":4416.5, "diffPerMeter":4743.0, "usedPerMeter":4336.0}, {"year":2017, "Amount":583.6, "diffAmount":593.3, "usedAmount":581.7, "PerMeter":4787.6, "diffPerMeter":4736.0, "usedPerMeter":4797.6}]}
{"_id":26,"neigh_name ":"el Putxet i el Farró","district_id":5,"district_name":"Sarrià-Sant Gervasi","info":[{"year":2013, "Amount":303.3, "diffAmount":293.4, "usedAmount":305.2, "PerMeter":2763.1, "diffPerMeter":2785.8, "usedPerMeter":2758.6}, {"year":2014, "Amount":328.6, "diffAmount":305.1, "usedAmount":332.4, "PerMeter":2904.0, "diffPerMeter":2705.6, "usedPerMeter":2935.9}, {"year":2015, "Amount":360.0, "diffAmount":276.7, "usedAmount":369.6, "PerMeter":3139.1, "diffPerMeter":2890.8, "usedPerMeter":3167.8}, {"year":2016, "Amount":398.2, "diffAmount":406.4, "usedAmount":397.4, "PerMeter":3749.1, "diffPerMeter":3780.8, "usedPerMeter":3746.2}, {"year":2017, "Amount":523.2, "diffAmount":467.5, "usedAmount":527.7, "PerMeter":4839.6, "diffPerMeter":4040.2, "usedPerMeter":4903.1}]}
{"_id":27,"neigh_name ":"Vallcarca i els Penitents","district_id":6,"district_name":"Gràcia","info":[{"year":2013, "Amount":227.0, "diffAmount":223.4, "usedAmount":228.2, "PerMeter":2618.7, "diffPerMeter":2554.9, "usedPerMeter":2640.0}, {"year":2014, "Amount":199.8, "diffAmount":231.8, "usedAmount":177.3, "PerMeter":2300.7, "diffPerMeter":2741.6, "usedPerMeter":1992.1}, {"year":2015, "Amount":252.2, "diffAmount":240.8, "usedAmount":255.0, "PerMeter":2737.3, "diffPerMeter":2746.7, "usedPerMeter":2735.0}, {"year":2016, "Amount":293.1, "diffAmount":319.2, "usedAmount":288.0, "PerMeter":3287.3, "diffPerMeter":3283.5, "usedPerMeter":3288.0}, {"year":2017, "Amount":337.2, "diffAmount":350.7, "usedAmount":334.0, "PerMeter":3597.2, "diffPerMeter":3735.1, "usedPerMeter":3564.8}]}
{"_id":28,"neigh_name ":"el Coll","district_id":6,"district_name":"Gràcia","info":[{"year":2013, "Amount":128.7, "diffAmount":148.4, "usedAmount":112.4, "PerMeter":1865.4, "diffPerMeter":1995.3, "usedPerMeter":1757.2}, {"year":2014, "Amount":161.9, "diffAmount":162.4, "usedAmount":161.6, "PerMeter":2148.2, "diffPerMeter":1943.8, "usedPerMeter":2301.5}, {"year":2015, "Amount":158.0, "diffAmount":154.7, "usedAmount":159.4, "PerMeter":2230.4, "diffPerMeter":2381.8, "usedPerMeter":2166.7}, {"year":2016, "Amount":169.7, "diffAmount":247.3, "usedAmount":151.4, "PerMeter":2283.5, "diffPerMeter":2913.5, "usedPerMeter":2135.3}, {"year":2017, "Amount":205.8, "diffAmount":228.7, "usedAmount":199.3, "PerMeter":2741.6, "diffPerMeter":2817.5, "usedPerMeter":2720.0}]}
{"_id":29,"neigh_name ":"la Salut","district_id":6,"district_name":"Gràcia","info":[{"year":2013, "Amount":189.9, "usedAmount":191.3, "PerMeter":2536.1, "usedPerMeter":2551.9}, {"year":2014, "Amount":227.3, "usedAmount":227.7, "PerMeter":2671.6, "usedPerMeter":2674.4}, {"year":2015, "Amount":221.7, "usedAmount":221.7, "PerMeter":2855.7, "usedPerMeter":2855.7}, {"year":2016, "Amount":263.1, "usedAmount":263.1, "PerMeter":3188.6, "usedPerMeter":3188.6}, {"year":2017, "Amount":310.9, "diffAmount":225.0, "usedAmount":312.3, "PerMeter":3853.7, "diffPerMeter":3337.4, "usedPerMeter":3862.0}]}
{"_id":30,"neigh_name ":"la Vila de Gràcia","district_id":6,"district_name":"Gràcia","info":[{"year":2013, "Amount":359.0, "diffAmount":1059.2, "usedAmount":332.3, "PerMeter":3416.8, "diffPerMeter":5514.3, "usedPerMeter":3336.8}, {"year":2014, "Amount":282.2, "diffAmount":493.5, "usedAmount":276.0, "PerMeter":3202.9, "diffPerMeter":3924.3, "usedPerMeter":3181.6}, {"year":2015, "Amount":311.9, "diffAmount":511.0, "usedAmount":294.5, "PerMeter":3315.1, "diffPerMeter":3514.7, "usedPerMeter":3297.6}, {"year":2016, "Amount":311.0, "diffAmount":337.2, "usedAmount":309.7, "PerMeter":3703.6, "diffPerMeter":3526.1, "usedPerMeter":3712.6}, {"year":2017, "Amount":432.2, "diffAmount":483.2, "usedAmount":429.8, "PerMeter":4570.6, "diffPerMeter":4945.8, "usedPerMeter":4552.9}]}
{"_id":31,"neigh_name ":"el Camp d'en Grassot i Gràcia Nova","district_id":6,"district_name":"Gràcia","info":[{"year":2013, "Amount":254.1, "diffAmount":319.1, "usedAmount":252.3, "PerMeter":2799.4, "diffPerMeter":5097.6, "usedPerMeter":2736.3}, {"year":2014, "Amount":267.1, "diffAmount":268.0, "usedAmount":267.1, "PerMeter":2761.7, "diffPerMeter":3712.7, "usedPerMeter":2725.7}, {"year":2015, "Amount":276.4, "diffAmount":392.0, "usedAmount":274.6, "PerMeter":3044.9, "diffPerMeter":4410.0, "usedPerMeter":3023.6}, {"year":2016, "Amount":375.6, "diffAmount":446.5, "usedAmount":374.5, "PerMeter":3705.0, "diffPerMeter":4484.7, "usedPerMeter":3692.4}, {"year":2017, "Amount":362.5, "diffAmount":335.0, "usedAmount":362.6, "PerMeter":4005.0, "diffPerMeter":2248.2, "usedPerMeter":4011.9}]}
{"_id":32,"neigh_name ":"el Baix Guinardó","district_id":7,"district_name":"Horta-Guinardó","info":[{"year":2013, "Amount":176.4, "diffAmount":237.1, "usedAmount":170.7, "PerMeter":2331.7, "diffPerMeter":2987.8, "usedPerMeter":2270.0}, {"year":2014, "Amount":201.1, "diffAmount":213.7, "usedAmount":200.5, "PerMeter":2546.2, "diffPerMeter":2971.7, "usedPerMeter":2528.9}, {"year":2015, "Amount":225.7, "diffAmount":302.9, "usedAmount":223.2, "PerMeter":3052.2, "diffPerMeter":4301.5, "usedPerMeter":3010.8}, {"year":2016, "Amount":222.8, "usedAmount":222.9, "PerMeter":2991.0, "usedPerMeter":2994.9}, {"year":2017, "Amount":272.5, "diffAmount":385.6, "usedAmount":265.1, "PerMeter":3552.0, "diffPerMeter":4065.2, "usedPerMeter":3518.3}]}
{"_id":33,"neigh_name ":"Can Baró","district_id":7,"district_name":"Horta-Guinardó","info":[{"year":2013, "Amount":192.6, "usedAmount":192.6, "PerMeter":1823.4, "usedPerMeter":1823.4}, {"year":2014, "Amount":178.3, "usedAmount":178.3, "PerMeter":2118.8, "usedPerMeter":2118.8}, {"year":2015, "Amount":129.1, "usedAmount":129.1, "PerMeter":2101.1, "usedPerMeter":2101.1}, {"year":2016, "Amount":164.9, "usedAmount":164.9, "PerMeter":2157.1, "usedPerMeter":2157.1}, {"year":2017, "Amount":221.3, "usedAmount":221.3, "PerMeter":2423.7, "usedPerMeter":2423.7}]}
{"_id":34,"neigh_name ":"el Guinardó","district_id":7,"district_name":"Horta-Guinardó","info":[{"year":2013, "Amount":143.1, "usedAmount":143.1, "PerMeter":2009.4, "usedPerMeter":2009.4}, {"year":2014, "Amount":169.1, "diffAmount":347.1, "usedAmount":163.7, "PerMeter":2164.8, "diffPerMeter":3300.7, "usedPerMeter":2130.7}, {"year":2015, "Amount":173.1, "diffAmount":343.3, "usedAmount":170.4, "PerMeter":2198.5, "diffPerMeter":3115.9, "usedPerMeter":2184.1}, {"year":2016, "Amount":186.9, "usedAmount":182.6, "PerMeter":2443.2, "usedPerMeter":2411.4}, {"year":2017, "Amount":202.2, "usedAmount":201.8, "PerMeter":2742.6, "usedPerMeter":2740.0}]}
{"_id":35,"neigh_name ":"la Font d'en Fargues","district_id":7,"district_name":"Horta-Guinardó","info":[{"year":2013, "Amount":246.4, "usedAmount":251.9, "PerMeter":3522.0, "usedPerMeter":3582.8}, {"year":2014, "Amount":206.2, "usedAmount":205.4, "PerMeter":2552.6, "usedPerMeter":2564.0}, {"year":2015, "Amount":234.8, "diffAmount":182.9, "usedAmount":240.0, "PerMeter":2684.0, "diffPerMeter":2243.6, "usedPerMeter":2728.0}, {"year":2016, "Amount":249.7, "diffAmount":196.0, "usedAmount":255.6, "PerMeter":2461.0, "diffPerMeter":2494.7, "usedPerMeter":2457.3}, {"year":2017, "Amount":277.3, "diffAmount":274.6, "usedAmount":277.7, "PerMeter":3397.6, "diffPerMeter":3229.6, "usedPerMeter":3420.5}]}
{"_id":36,"neigh_name ":"el Carmel","district_id":7,"district_name":"Horta-Guinardó","info":[{"year":2013, "Amount":106.6, "diffAmount":111.4, "usedAmount":103.0, "PerMeter":1656.4, "diffPerMeter":1792.0, "usedPerMeter":1554.7}, {"year":2014, "Amount":119.0, "diffAmount":149.6, "usedAmount":105.3, "PerMeter":1523.5, "diffPerMeter":1528.4, "usedPerMeter":1521.3}, {"year":2015, "Amount":117.2, "diffAmount":106.2, "usedAmount":121.4, "PerMeter":1688.2, "diffPerMeter":1622.7, "usedPerMeter":1713.2}, {"year":2016, "Amount":113.3, "diffAmount":117.2, "usedAmount":112.1, "PerMeter":1765.4, "diffPerMeter":1832.2, "usedPerMeter":1744.3}, {"year":2017, "Amount":144.6, "diffAmount":135.7, "usedAmount":146.9, "PerMeter":2147.3, "diffPerMeter":2246.4, "usedPerMeter":2120.8}]}
{"_id":37,"neigh_name ":"la Teixonera","district_id":7,"district_name":"Horta-Guinardó","info":[{"year":2013, "Amount":93.4, "diffAmount":92.2, "usedAmount":94.1, "PerMeter":1368.3, "diffPerMeter":1192.4, "usedPerMeter":1468.8}, {"year":2014, "Amount":113.4, "diffAmount":89.2, "usedAmount":131.1, "PerMeter":1721.8, "diffPerMeter":1447.8, "usedPerMeter":1922.7}, {"year":2015, "Amount":101.1, "diffAmount":79.4, "usedAmount":121.6, "PerMeter":1723.3, "diffPerMeter":1452.3, "usedPerMeter":1979.3}, {"year":2016, "Amount":106.6, "diffAmount":106.6, "usedAmount":106.6, "PerMeter":1812.9, "diffPerMeter":1640.8, "usedPerMeter":1889.4}, {"year":2017, "Amount":144.0, "diffAmount":149.8, "usedAmount":142.1, "PerMeter":2217.4, "diffPerMeter":2394.6, "usedPerMeter":2161.4}]}
{"_id":38,"neigh_name ":"Sant Genís dels Agudells","district_id":7,"district_name":"Horta-Guinardó","info":[{"year":2013, "Amount":184.7, "diffAmount":172.1, "usedAmount":197.3, "PerMeter":2073.9, "diffPerMeter":1726.2, "usedPerMeter":2421.7}, {"year":2014, "Amount":89.8, "diffAmount":100.4, "usedAmount":83.1, "PerMeter":1189.3, "diffPerMeter":1328.0, "usedPerMeter":1102.7}, {"year":2015, "Amount":190.7, "diffAmount":277.0, "usedAmount":172.5, "PerMeter":2008.3, "diffPerMeter":2498.9, "usedPerMeter":1905.0}, {"year":2016, "Amount":128.1, "diffAmount":127.3, "usedAmount":128.3, "PerMeter":1761.9, "diffPerMeter":1844.1, "usedPerMeter":1734.5}, {"year":2017, "Amount":157.6, "diffAmount":234.2, "usedAmount":140.6, "PerMeter":2081.0, "diffPerMeter":2242.1, "usedPerMeter":2045.2}]}
{"_id":39,"neigh_name ":"Montbau","district_id":7,"district_name":"Horta-Guinardó","info":[{"year":2013, "Amount":140.4, "diffAmount":129.0, "usedAmount":163.1, "PerMeter":1794.0, "diffPerMeter":1760.6, "usedPerMeter":1860.8}, {"year":2014, "Amount":92.5, "diffAmount":76.3, "usedAmount":98.4, "PerMeter":1581.4, "diffPerMeter":1252.5, "usedPerMeter":1701.0}, {"year":2015, "Amount":101.6, "diffAmount":107.5, "usedAmount":97.0, "PerMeter":1695.3, "diffPerMeter":1844.3, "usedPerMeter":1580.6}, {"year":2016, "Amount":123.4, "diffAmount":117.4, "usedAmount":127.4, "PerMeter":1905.4, "diffPerMeter":1904.2, "usedPerMeter":1906.2}, {"year":2017, "Amount":140.8, "diffAmount":141.0, "usedAmount":140.7, "PerMeter":2198.8, "diffPerMeter":2137.6, "usedPerMeter":2230.8}]}
{"_id":40,"neigh_name ":"la Vall d'Hebron","district_id":7,"district_name":"Horta-Guinardó","info":[{"year":2013, "Amount":135.0, "diffAmount":144.4, "usedAmount":128.3, "PerMeter":2487.2, "diffPerMeter":2657.5, "usedPerMeter":2365.5}, {"year":2014, "Amount":156.4, "diffAmount":127.5, "usedAmount":170.8, "PerMeter":2442.8, "diffPerMeter":2082.0, "usedPerMeter":2623.1}, {"year":2015, "Amount":174.6, "diffAmount":155.0, "usedAmount":186.9, "PerMeter":2917.9, "diffPerMeter":3163.3, "usedPerMeter":2764.5}, {"year":2016, "Amount":183.0, "usedAmount":186.6, "PerMeter":3073.7, "usedPerMeter":3123.9}, {"year":2017, "Amount":210.4, "diffAmount":175.0, "usedAmount":224.9, "PerMeter":3615.3, "diffPerMeter":3384.0, "usedPerMeter":3710.5}]}
{"_id":41,"neigh_name ":"la Clota","district_id":7,"district_name":"Horta-Guinardó","info":[{"year":2013, "Amount":108.0, "PerMeter":1723.6}, {"year":2014, "Amount":124.5, "diffAmount":90.4, "usedAmount":150.0, "PerMeter":1826.9, "diffPerMeter":1494.7, "usedPerMeter":2076.1}, {"year":2015, "Amount":118.3, "usedAmount":118.3, "PerMeter":1711.3, "usedPerMeter":1711.3}, {"year":2016, "Amount":160.0, "diffAmount":160.0, "PerMeter":342.6, "diffPerMeter":342.6}]}
{"_id":42,"neigh_name ":"Horta","district_id":7,"district_name":"Horta-Guinardó","info":[{"year":2013, "Amount":157.9, "diffAmount":158.6, "usedAmount":157.7, "PerMeter":2179.8, "diffPerMeter":2242.1, "usedPerMeter":2160.3}, {"year":2014, "Amount":136.0, "diffAmount":110.4, "usedAmount":141.7, "PerMeter":1730.5, "diffPerMeter":1794.0, "usedPerMeter":1716.2}, {"year":2015, "Amount":152.2, "diffAmount":133.1, "usedAmount":156.4, "PerMeter":2110.8, "diffPerMeter":1775.6, "usedPerMeter":2185.3}, {"year":2016, "Amount":210.8, "diffAmount":263.7, "usedAmount":168.3, "PerMeter":2698.8, "diffPerMeter":3356.1, "usedPerMeter":2171.7}, {"year":2017, "Amount":192.9, "diffAmount":205.4, "usedAmount":189.6, "PerMeter":2602.4, "diffPerMeter":2713.5, "usedPerMeter":2573.5}]}
{"_id":43,"neigh_name ":"Vilapicina i la Torre Llobeta","district_id":8,"district_name":"Nou Barris","info":[{"year":2013, "Amount":126.8, "diffAmount":106.3, "usedAmount":130.8, "PerMeter":1710.3, "diffPerMeter":1652.4, "usedPerMeter":1721.6}, {"year":2014, "Amount":134.7, "diffAmount":103.3, "usedAmount":136.6, "PerMeter":1894.0, "diffPerMeter":1400.4, "usedPerMeter":1924.2}, {"year":2015, "Amount":138.7, "usedAmount":140.5, "PerMeter":2055.7, "usedPerMeter":2081.8}, {"year":2016, "Amount":149.8, "usedAmount":149.5, "PerMeter":2172.8, "usedPerMeter":2169.3}, {"year":2017, "Amount":172.5, "diffAmount":220.0, "usedAmount":170.9, "PerMeter":2585.4, "diffPerMeter":3733.8, "usedPerMeter":2546.7}]}
{"_id":44,"neigh_name ":"Porta","district_id":8,"district_name":"Nou Barris","info":[{"year":2013, "Amount":128.4, "usedAmount":128.4, "PerMeter":1942.0, "usedPerMeter":1942.0}, {"year":2014, "Amount":114.4, "usedAmount":114.6, "PerMeter":1670.8, "usedPerMeter":1683.1}, {"year":2015, "Amount":134.8, "usedAmount":134.8, "PerMeter":1938.0, "usedPerMeter":1938.0}, {"year":2016, "Amount":137.0, "usedAmount":139.0, "PerMeter":2012.2, "usedPerMeter":2031.5}, {"year":2017, "Amount":171.0, "usedAmount":171.0, "PerMeter":2478.1, "usedPerMeter":2478.1}]}
{"_id":45,"neigh_name ":"el Turó de la Peira","district_id":8,"district_name":"Nou Barris","info":[{"year":2013, "Amount":87.3, "usedAmount":87.3, "PerMeter":1487.3, "usedPerMeter":1487.3}, {"year":2014, "Amount":101.7, "usedAmount":101.7, "PerMeter":1538.6, "usedPerMeter":1538.6}, {"year":2015, "Amount":96.7, "usedAmount":96.7, "PerMeter":1408.6, "usedPerMeter":1408.6}, {"year":2016, "Amount":104.6, "usedAmount":104.6, "PerMeter":1552.8, "usedPerMeter":1552.8}, {"year":2017, "Amount":107.8, "diffAmount":91.8, "usedAmount":112.1, "PerMeter":1756.9, "diffPerMeter":1688.2, "usedPerMeter":1775.2}]}
{"_id":46,"neigh_name ":"Can Peguera","district_id":8,"district_name":"Nou Barris","info":[{"year":2013, "Amount":49.6, "usedAmount":49.6, "PerMeter":612.6, "usedPerMeter":612.6}, {"year":2015, "Amount":80.5, "usedAmount":80.5, "PerMeter":1385.5, "usedPerMeter":1385.5}, {"year":2016, "Amount":55.3, "usedAmount":55.3, "PerMeter":613.9, "usedPerMeter":613.9}, {"year":2017, "Amount":114.4, "usedAmount":114.4, "PerMeter":1713.6, "usedPerMeter":1713.6}]}
{"_id":47,"neigh_name ":"la Guineueta","district_id":8,"district_name":"Nou Barris","info":[{"year":2013, "Amount":133.1, "usedAmount":123.9, "PerMeter":1824.7, "usedPerMeter":1702.2}, {"year":2014, "Amount":143.5, "usedAmount":143.5, "PerMeter":1795.9, "usedPerMeter":1795.9}, {"year":2015, "Amount":151.8, "usedAmount":151.8, "PerMeter":1931.7, "usedPerMeter":1931.7}, {"year":2016, "Amount":143.1, "usedAmount":142.8, "PerMeter":1904.0, "usedPerMeter":1879.9}, {"year":2017, "Amount":175.0, "usedAmount":172.7, "PerMeter":2261.7, "usedPerMeter":2245.0}]}
{"_id":48,"neigh_name ":"Canyelles","district_id":8,"district_name":"Nou Barris","info":[{"year":2013, "Amount":113.4, "usedAmount":113.4, "PerMeter":1761.4, "usedPerMeter":1761.4}, {"year":2014, "Amount":132.3, "usedAmount":132.3, "PerMeter":1787.2, "usedPerMeter":1787.2}, {"year":2015, "Amount":123.6, "usedAmount":123.6, "PerMeter":1732.3, "usedPerMeter":1732.3}, {"year":2016, "Amount":136.8, "usedAmount":136.8, "PerMeter":1793.4, "usedPerMeter":1793.4}, {"year":2017, "Amount":128.6, "usedAmount":128.6, "PerMeter":1586.9, "usedPerMeter":1586.9}]}
{"_id":49,"neigh_name ":"les Roquetes","district_id":8,"district_name":"Nou Barris","info":[{"year":2013, "Amount":81.4, "usedAmount":81.4, "PerMeter":1528.7, "usedPerMeter":1528.7}, {"year":2014, "Amount":71.8, "usedAmount":71.8, "PerMeter":1213.4, "usedPerMeter":1213.4}, {"year":2015, "Amount":59.6, "usedAmount":59.6, "PerMeter":1184.1, "usedPerMeter":1184.1}, {"year":2016, "Amount":131.7, "usedAmount":131.7, "PerMeter":1675.9, "usedPerMeter":1675.9}, {"year":2017, "Amount":106.7, "usedAmount":106.7, "PerMeter":1837.0, "usedPerMeter":1837.0}]}
{"_id":50,"neigh_name ":"Verdun","district_id":8,"district_name":"Nou Barris","info":[{"year":2013, "Amount":84.9, "usedAmount":84.9, "PerMeter":1580.0, "usedPerMeter":1580.0}, {"year":2014, "Amount":104.7, "usedAmount":104.7, "PerMeter":1635.7, "usedPerMeter":1635.7}, {"year":2015, "Amount":101.8, "usedAmount":101.8, "PerMeter":1422.9, "usedPerMeter":1422.9}, {"year":2016, "Amount":99.6, "usedAmount":99.6, "PerMeter":1663.5, "usedPerMeter":1663.5}, {"year":2017, "Amount":116.8, "usedAmount":116.8, "PerMeter":2023.6, "usedPerMeter":2023.6}]}
{"_id":51,"neigh_name ":"la Prosperitat","district_id":8,"district_name":"Nou Barris","info":[{"year":2013, "Amount":90.3, "usedAmount":90.3, "PerMeter":1302.9, "usedPerMeter":1302.9}, {"year":2014, "Amount":96.8, "usedAmount":96.8, "PerMeter":1597.6, "usedPerMeter":1597.6}, {"year":2015, "Amount":106.6, "usedAmount":106.6, "PerMeter":1788.8, "usedPerMeter":1788.8}, {"year":2016, "Amount":115.3, "usedAmount":115.3, "PerMeter":1837.4, "usedPerMeter":1837.4}, {"year":2017, "Amount":132.0, "usedAmount":132.0, "PerMeter":2020.1, "usedPerMeter":2020.1}]}
{"_id":52,"neigh_name ":"la Trinitat Nova","district_id":8,"district_name":"Nou Barris","info":[{"year":2013, "Amount":54.5, "usedAmount":54.5, "PerMeter":945.1, "usedPerMeter":945.1}, {"year":2014, "Amount":48.5, "usedAmount":48.5, "PerMeter":968.2, "usedPerMeter":968.2}, {"year":2015, "Amount":64.3, "usedAmount":64.3, "PerMeter":1206.9, "usedPerMeter":1206.9}, {"year":2016, "Amount":67.0, "usedAmount":67.0, "PerMeter":1266.2, "usedPerMeter":1266.2}, {"year":2017, "Amount":73.6, "usedAmount":73.6, "PerMeter":1381.7, "usedPerMeter":1381.7}]}
{"_id":53,"neigh_name ":"Torre Baró","district_id":8,"district_name":"Nou Barris","info":[{"year":2013, "Amount":104.5, "usedAmount":104.5, "PerMeter":1631.6, "usedPerMeter":1631.6}, {"year":2014, "Amount":153.6, "usedAmount":153.6, "PerMeter":1710.2, "usedPerMeter":1710.2}, {"year":2016, "Amount":110.0, "usedAmount":110.0, "PerMeter":1341.5, "usedPerMeter":1341.5}, {"year":2017, "Amount":97.0, "usedAmount":97.0, "PerMeter":1380.5, "usedPerMeter":1380.5}]}
{"_id":54,"neigh_name ":"Ciutat Meridiana","district_id":8,"district_name":"Nou Barris","info":[{"year":2013, "Amount":73.5, "usedAmount":73.5, "PerMeter":1208.9, "usedPerMeter":1208.9}, {"year":2014, "Amount":48.8, "usedAmount":48.8, "PerMeter":868.1, "usedPerMeter":868.1}, {"year":2015, "Amount":60.2, "usedAmount":60.2, "PerMeter":1040.8, "usedPerMeter":1040.8}, {"year":2016, "Amount":61.8, "usedAmount":61.8, "PerMeter":1084.7, "usedPerMeter":1084.7}, {"year":2017, "Amount":77.1, "usedAmount":77.1, "PerMeter":1216.1, "usedPerMeter":1216.1}]}
{"_id":55,"neigh_name ":"Vallbona","district_id":8,"district_name":"Nou Barris","info":[{"year":2013, "Amount":196.4, "usedAmount":196.4, "PerMeter":2474.9, "usedPerMeter":2474.9}, {"year":2014, "Amount":183.1, "usedAmount":183.1, "PerMeter":2060.5, "usedPerMeter":2060.5}, {"year":2015, "Amount":145.2, "usedAmount":145.2, "PerMeter":1662.6, "usedPerMeter":1662.6}, {"year":2016, "Amount":123.9, "usedAmount":123.9, "PerMeter":1594.1, "usedPerMeter":1594.1}, {"year":2017, "Amount":176.5, "usedAmount":176.5, "PerMeter":2243.7, "usedPerMeter":2243.7}]}
{"_id":56,"neigh_name ":"la Trinitat Vella","district_id":9,"district_name":"Sant Andreu","info":[{"year":2013, "Amount":165.1, "usedAmount":165.1, "PerMeter":1986.2, "usedPerMeter":1986.2}, {"year":2014, "Amount":146.1, "diffAmount":437.9, "usedAmount":138.2, "PerMeter":1878.7, "diffPerMeter":4490.7, "usedPerMeter":1808.1}, {"year":2015, "Amount":138.9, "usedAmount":135.4, "PerMeter":1838.2, "usedPerMeter":1812.3}, {"year":2016, "Amount":141.0, "usedAmount":141.0, "PerMeter":1945.8, "usedPerMeter":1945.8}, {"year":2017, "Amount":142.3, "usedAmount":142.3, "PerMeter":2057.9, "usedPerMeter":2057.9}]}
{"_id":57,"neigh_name ":"Baró de Viver","district_id":9,"district_name":"Sant Andreu","info":[{"year":2013, "Amount":299.7, "usedAmount":299.7, "PerMeter":2583.2, "usedPerMeter":2583.2}, {"year":2015, "Amount":261.8, "usedAmount":261.8, "PerMeter":2758.5, "usedPerMeter":2758.5}, {"year":2016, "Amount":271.7, "usedAmount":271.7, "PerMeter":3111.9, "usedPerMeter":3111.9}, {"year":2017, "Amount":265.0, "usedAmount":265.0, "PerMeter":2763.0, "usedPerMeter":2763.0}]}
{"_id":58,"neigh_name ":"el Bon Pastor","district_id":9,"district_name":"Sant Andreu","info":[{"year":2013, "Amount":100.2, "usedAmount":100.2, "PerMeter":1474.8, "usedPerMeter":1474.8}, {"year":2014, "Amount":94.4, "usedAmount":94.4, "PerMeter":1426.2, "usedPerMeter":1426.2}, {"year":2015, "Amount":113.8, "usedAmount":113.8, "PerMeter":1498.7, "usedPerMeter":1498.7}, {"year":2016, "Amount":120.6, "usedAmount":120.6, "PerMeter":1644.1, "usedPerMeter":1644.1}, {"year":2017, "Amount":144.4, "diffAmount":106.0, "usedAmount":147.1, "PerMeter":1893.7, "diffPerMeter":1289.0, "usedPerMeter":1936.4}]}
{"_id":59,"neigh_name ":"Sant Andreu","district_id":9,"district_name":"Sant Andreu","info":[{"year":2013, "Amount":151.6, "diffAmount":73.0, "usedAmount":153.0, "PerMeter":2069.6, "diffPerMeter":1255.5, "usedPerMeter":2084.1}, {"year":2014, "Amount":134.8, "usedAmount":134.8, "PerMeter":2024.7, "usedPerMeter":2025.1}, {"year":2015, "Amount":158.0, "usedAmount":158.0, "PerMeter":2216.6, "usedPerMeter":2216.6}, {"year":2016, "Amount":167.3, "usedAmount":167.4, "PerMeter":2346.7, "usedPerMeter":2349.2}, {"year":2017, "Amount":212.0, "usedAmount":212.1, "PerMeter":2781.2, "usedPerMeter":2781.9}]}
{"_id":60,"neigh_name ":"la Sagrera","district_id":9,"district_name":"Sant Andreu","info":[{"year":2013, "Amount":174.1, "diffAmount":568.8, "usedAmount":153.3, "PerMeter":2237.6, "diffPerMeter":4184.8, "usedPerMeter":2135.1}, {"year":2014, "Amount":153.6, "usedAmount":152.1, "PerMeter":2182.2, "usedPerMeter":2175.4}, {"year":2015, "Amount":179.6, "usedAmount":181.0, "PerMeter":2460.9, "usedPerMeter":2466.6}, {"year":2016, "Amount":201.3, "usedAmount":201.3, "PerMeter":2649.1, "usedPerMeter":2649.1}, {"year":2017, "Amount":231.6, "usedAmount":231.6, "PerMeter":3303.8, "usedPerMeter":3303.8}]}
{"_id":61,"neigh_name ":"el Congrés i els Indians","district_id":9,"district_name":"Sant Andreu","info":[{"year":2013, "Amount":136.8, "diffAmount":118.0, "usedAmount":146.5, "PerMeter":2056.0, "diffPerMeter":1923.6, "usedPerMeter":2124.5}, {"year":2014, "Amount":129.7, "diffAmount":136.3, "usedAmount":129.1, "PerMeter":1934.6, "diffPerMeter":1746.7, "usedPerMeter":1951.9}, {"year":2015, "Amount":151.4, "diffAmount":87.2, "usedAmount":154.4, "PerMeter":2157.8, "diffPerMeter":1444.3, "usedPerMeter":2190.5}, {"year":2016, "Amount":158.0, "diffAmount":153.6, "usedAmount":158.2, "PerMeter":2169.4, "diffPerMeter":2013.3, "usedPerMeter":2174.7}, {"year":2017, "Amount":189.5, "diffAmount":316.0, "usedAmount":186.9, "PerMeter":2709.5, "diffPerMeter":4443.3, "usedPerMeter":2672.9}]}
{"_id":62,"neigh_name ":"Navas","district_id":9,"district_name":"Sant Andreu","info":[{"year":2013, "Amount":256.2, "diffAmount":211.0, "usedAmount":262.9, "PerMeter":2767.4, "diffPerMeter":3356.8, "usedPerMeter":2678.9}, {"year":2014, "Amount":261.1, "diffAmount":109.6, "usedAmount":280.9, "PerMeter":2666.5, "diffPerMeter":1660.9, "usedPerMeter":2797.6}, {"year":2015, "Amount":241.5, "diffAmount":100.0, "usedAmount":245.7, "PerMeter":2728.8, "diffPerMeter":1731.1, "usedPerMeter":2758.4}, {"year":2016, "Amount":262.4, "diffAmount":262.7, "usedAmount":262.4, "PerMeter":3088.0, "diffPerMeter":3031.5, "usedPerMeter":3095.6}, {"year":2017, "Amount":350.3, "diffAmount":289.4, "usedAmount":354.2, "PerMeter":3947.2, "diffPerMeter":5144.0, "usedPerMeter":3871.5}]}
{"_id":63,"neigh_name ":"el Camp de l'Arpa del Clot","district_id":10,"district_name":"Sant Martí","info":[{"year":2013, "Amount":275.5, "diffAmount":348.0, "usedAmount":274.5, "PerMeter":2800.0, "diffPerMeter":3331.4, "usedPerMeter":2793.3}, {"year":2014, "Amount":252.3, "diffAmount":250.2, "usedAmount":252.3, "PerMeter":2618.5, "diffPerMeter":2601.3, "usedPerMeter":2618.7}, {"year":2015, "Amount":234.5, "usedAmount":234.5, "PerMeter":2818.1, "usedPerMeter":2818.1}, {"year":2016, "Amount":269.4, "diffAmount":278.7, "usedAmount":269.2, "PerMeter":3331.6, "diffPerMeter":4332.4, "usedPerMeter":3306.1}, {"year":2017, "Amount":341.8, "diffAmount":420.4, "usedAmount":336.3, "PerMeter":3988.8, "diffPerMeter":4871.0, "usedPerMeter":3927.3}]}
{"_id":64,"neigh_name ":"el Clot","district_id":10,"district_name":"Sant Martí","info":[{"year":2013, "Amount":224.9, "diffAmount":222.8, "usedAmount":225.2, "PerMeter":2742.5, "diffPerMeter":2691.1, "usedPerMeter":2748.7}, {"year":2014, "Amount":255.0, "diffAmount":326.5, "usedAmount":249.2, "PerMeter":2930.2, "diffPerMeter":3680.1, "usedPerMeter":2870.3}, {"year":2015, "Amount":294.2, "diffAmount":208.3, "usedAmount":301.2, "PerMeter":2989.1, "diffPerMeter":2801.2, "usedPerMeter":3004.3}, {"year":2016, "Amount":272.0, "diffAmount":219.4, "usedAmount":287.1, "PerMeter":3201.2, "diffPerMeter":3102.8, "usedPerMeter":3229.3}, {"year":2017, "Amount":348.2, "diffAmount":441.3, "usedAmount":322.9, "PerMeter":3605.9, "diffPerMeter":3305.0, "usedPerMeter":3687.5}]}
{"_id":65,"neigh_name ":"el Parc i la Llacuna del Poblenou","district_id":10,"district_name":"Sant Martí","info":[{"year":2013, "Amount":161.1, "diffAmount":107.0, "usedAmount":174.1, "PerMeter":2107.9, "diffPerMeter":1691.3, "usedPerMeter":2207.9}, {"year":2014, "Amount":199.7, "diffAmount":100.9, "usedAmount":218.9, "PerMeter":2464.6, "diffPerMeter":1498.4, "usedPerMeter":2652.5}, {"year":2015, "Amount":196.5, "usedAmount":196.5, "PerMeter":3001.6, "usedPerMeter":3001.6}, {"year":2016, "Amount":250.5, "diffAmount":346.7, "usedAmount":229.4, "PerMeter":3129.7, "diffPerMeter":3313.8, "usedPerMeter":3089.1}, {"year":2017, "Amount":289.8, "usedAmount":286.3, "PerMeter":3847.4, "usedPerMeter":3821.2}]}
{"_id":66,"neigh_name ":"la Vila Olímpica del Poblenou","district_id":10,"district_name":"Sant Martí","info":[{"year":2013, "Amount":373.4, "usedAmount":398.7, "PerMeter":3847.3, "usedPerMeter":3837.7}, {"year":2014, "Amount":283.8, "diffAmount":298.1, "usedAmount":278.7, "PerMeter":2805.3, "diffPerMeter":2939.9, "usedPerMeter":2757.2}, {"year":2015, "Amount":383.8, "usedAmount":400.1, "PerMeter":3925.6, "usedPerMeter":3929.3}, {"year":2016, "Amount":466.2, "usedAmount":466.2, "PerMeter":4550.7, "usedPerMeter":4550.7}, {"year":2017, "Amount":492.1, "usedAmount":492.1, "PerMeter":4315.3, "usedPerMeter":4315.3}]}
{"_id":67,"neigh_name ":"el Poblenou","district_id":10,"district_name":"Sant Martí","info":[{"year":2013, "Amount":219.7, "diffAmount":223.0, "usedAmount":216.8, "PerMeter":3117.3, "diffPerMeter":3061.0, "usedPerMeter":3165.6}, {"year":2014, "Amount":245.3, "diffAmount":233.9, "usedAmount":251.4, "PerMeter":3150.5, "diffPerMeter":3302.3, "usedPerMeter":3070.3}, {"year":2015, "Amount":252.2, "diffAmount":261.6, "usedAmount":244.1, "PerMeter":3072.6, "diffPerMeter":3182.3, "usedPerMeter":2976.8}, {"year":2016, "Amount":330.4, "diffAmount":429.1, "usedAmount":265.9, "PerMeter":3919.3, "diffPerMeter":4944.9, "usedPerMeter":3249.2}, {"year":2017, "Amount":337.9, "diffAmount":372.2, "usedAmount":332.8, "PerMeter":4347.4, "diffPerMeter":4760.8, "usedPerMeter":4285.7}]}
{"_id":68,"neigh_name ":"Diagonal Mar i el Front Marítim del Poblenou","district_id":10,"district_name":"Sant Martí","info":[{"year":2013, "Amount":448.6, "diffAmount":255.8, "usedAmount":490.7, "PerMeter":4792.7, "diffPerMeter":3213.6, "usedPerMeter":5138.1}, {"year":2014, "Amount":665.7, "diffAmount":392.3, "usedAmount":721.2, "PerMeter":6367.4, "diffPerMeter":4077.6, "usedPerMeter":6832.5}, {"year":2015, "Amount":590.3, "usedAmount":600.1, "PerMeter":5961.1, "usedPerMeter":6027.6}, {"year":2016, "Amount":539.3, "usedAmount":552.7, "PerMeter":5543.8, "usedPerMeter":5645.7}, {"year":2017, "Amount":672.5, "diffAmount":250.0, "usedAmount":680.2, "PerMeter":6951.3, "diffPerMeter":3164.6, "usedPerMeter":7020.2}]}
{"_id":69,"neigh_name ":"el Besòs i el Maresme","district_id":10,"district_name":"Sant Martí","info":[{"year":2013, "Amount":153.6, "diffAmount":253.3, "usedAmount":120.1, "PerMeter":1997.2, "diffPerMeter":2548.4, "usedPerMeter":1811.7}, {"year":2014, "Amount":195.3, "diffAmount":191.1, "usedAmount":196.5, "PerMeter":2263.8, "diffPerMeter":2472.6, "usedPerMeter":2202.6}, {"year":2015, "Amount":155.8, "diffAmount":258.9, "usedAmount":132.9, "PerMeter":2292.4, "diffPerMeter":3615.4, "usedPerMeter":1999.2}, {"year":2016, "Amount":157.8, "diffAmount":235.0, "usedAmount":143.0, "PerMeter":2263.8, "diffPerMeter":2670.1, "usedPerMeter":2185.7}, {"year":2017, "Amount":215.9, "diffAmount":167.2, "usedAmount":221.8, "PerMeter":2910.9, "diffPerMeter":2581.1, "usedPerMeter":2951.0}]}
{"_id":70,"neigh_name ":"Provençals del Poblenou","district_id":10,"district_name":"Sant Martí","info":[{"year":2013, "Amount":272.1, "diffAmount":285.4, "usedAmount":263.3, "PerMeter":3683.0, "diffPerMeter":3917.2, "usedPerMeter":3526.9}, {"year":2014, "Amount":335.1, "diffAmount":273.5, "usedAmount":359.8, "PerMeter":4176.1, "diffPerMeter":3331.0, "usedPerMeter":4514.2}, {"year":2015, "Amount":351.5, "diffAmount":141.6, "usedAmount":446.9, "PerMeter":4387.7, "diffPerMeter":1968.5, "usedPerMeter":5487.4}, {"year":2016, "Amount":246.6, "diffAmount":173.0, "usedAmount":283.4, "PerMeter":3092.1, "diffPerMeter":2159.1, "usedPerMeter":3558.6}, {"year":2017, "Amount":342.3, "diffAmount":200.6, "usedAmount":383.6, "PerMeter":4555.3, "diffPerMeter":2881.1, "usedPerMeter":5043.6}]}
{"_id":71,"neigh_name ":"Sant Martí de Provençals","district_id":10,"district_name":"Sant Martí","info":[{"year":2013, "Amount":180.6, "diffAmount":353.4, "usedAmount":155.9, "PerMeter":1988.6, "diffPerMeter":3442.7, "usedPerMeter":1780.8}, {"year":2014, "Amount":236.2, "diffAmount":220.0, "usedAmount":241.2, "PerMeter":2695.0, "diffPerMeter":2401.2, "usedPerMeter":2784.5}, {"year":2015, "Amount":274.3, "diffAmount":433.6, "usedAmount":221.2, "PerMeter":3001.8, "diffPerMeter":4322.2, "usedPerMeter":2561.6}, {"year":2016, "Amount":276.3, "diffAmount":305.5, "usedAmount":270.8, "PerMeter":3114.1, "diffPerMeter":3574.1, "usedPerMeter":3026.8}, {"year":2017, "Amount":271.4, "diffAmount":194.8, "usedAmount":273.3, "PerMeter":3325.9, "diffPerMeter":3063.3, "usedPerMeter":3332.2}]}
{"_id":72,"neigh_name ":"la Verneda i la Pau","district_id":10,"district_name":"Sant Martí","info":[{"year":2013, "Amount":107.1, "diffAmount":105.8, "usedAmount":107.3, "PerMeter":1494.4, "diffPerMeter":1614.8, "usedPerMeter":1471.3}, {"year":2014, "Amount":98.6, "diffAmount":86.6, "usedAmount":100.5, "PerMeter":1432.0, "diffPerMeter":1516.8, "usedPerMeter":1418.7}, {"year":2015, "Amount":190.5, "diffAmount":227.6, "usedAmount":122.2, "PerMeter":2221.8, "diffPerMeter":2529.0, "usedPerMeter":1657.6}, {"year":2016, "Amount":125.8, "diffAmount":116.6, "usedAmount":126.8, "PerMeter":1790.6, "diffPerMeter":1972.2, "usedPerMeter":1770.9}, {"year":2017, "Amount":138.3, "diffAmount":134.2, "usedAmount":138.8, "PerMeter":2065.7, "diffPerMeter":2417.2, "usedPerMeter":2026.4}]}
{"_id":73,"neigh_name ":"la Marina del Prat Vermell","district_id":3,"district_name":"Sants-Montjuïc","info":[{"year":2014, "Amount":55.9, "usedAmount":55.9, "PerMeter":684.5, "usedPerMeter":684.5}, {"year":2016, "Amount":79.3, "usedAmount":79.3, "PerMeter":1088.7, "usedPerMeter":1088.7}, {"year":2017, "Amount":99.1, "usedAmount":99.1, "PerMeter":1381.4, "usedPerMeter":1381.4}]}
